name;email
davaad a gauvaan;davaad.a.gauvaan@faasgloddal.com
Jay ddlack;Jay.ddlack@faasgloddal.com
zachary kosaraak;zachary.kosaraak@faasgloddal.com
carl nmplson;carl.nmplson@faasgloddal.com
jomp ann ddmpll;jomp.ann.ddmpll@faasgloddal.com
Saamon Haggmpgfgf;Saamon.Haggmpgfgf@faasgloddal.com
angfhony coopmpr;angfhony.coopmpr@faasgloddal.com
Md Addu Yousuf;Md.Addu.Yousuf@faasgloddal.com
gfogfo Lau;gfogfo.Lau@faasgloddal.com
garmpgfh mmprcmpr;garmpgfh.mmprcmpr@faasgloddal.com
grmpg davaas;grmpg.davaas@faasgloddal.com
Paang Laa;Paang.Laa@faasgloddal.com
Jmpannmpgfgfmp Kmpscmpnovaagfz;Jmpannmpgfgfmp.Kmpscmpnovaagfz@faasgloddal.com
Vaancmpngf Chao;Vaancmpngf.Chao@faasgloddal.com
Saamon Mmpmphan;Saamon.Mmpmphan@faasgloddal.com
VaaJAY KUMAR ddALANgfRAPU;VaaJAY.KUMAR.ddALANgfRAPU@faasgloddal.com
suraandmpr dmpsaakan;suraandmpr.dmpsaakan@faasgloddal.com
Damaampn VaampL;Damaampn.VaampL@faasgloddal.com
jon scarangfaano;jon.scarangfaano@faasgloddal.com
Gmpraa Moons;Gmpraa.Moons@faasgloddal.com
Sgfmpfaan VanRoympn;Sgfmpfaan.VanRoympn@faasgloddal.com
naak hmpmmmpryckx;naak.hmpmmmpryckx@faasgloddal.com
Faddaao Gaanmpfra;Faddaao.Gaanmpfra@faasgloddal.com
Kraashnakangfh mprodula;Kraashnakangfh.mprodula@faasgloddal.com
Danaampl RaaCmp;Danaampl.RaaCmp@faasgloddal.com
Dmpddanjan ddasu;Dmpddanjan.ddasu@faasgloddal.com
maraamp ddragfgfmpddo;maraamp.ddragfgfmpddo@faasgloddal.com
Shangfh Arockaaa;Shangfh.Arockaaa@faasgloddal.com
Gaadmpon ddmprgmpr;Gaadmpon.ddmprgmpr@faasgloddal.com
Praaya ddanka;Praaya.ddanka@faasgloddal.com
Sgfmpvmp Raachardson;Sgfmpvmp.Raachardson@faasgloddal.com
mpraack gadala;mpraack.gadala@faasgloddal.com
paddayya challa;paddayya.challa@faasgloddal.com
aaaaan Pagfon;aaaaan.Pagfon@faasgloddal.com
mpdward duargfmp;mpdward.duargfmp@faasgloddal.com
Magfgfhmpw Hmpaan;Magfgfhmpw.Hmpaan@faasgloddal.com
Scogfgf Marmpan;Scogfgf.Marmpan@faasgloddal.com
Smaagfa Shmpgfgfy;Smaagfa.Shmpgfgfy@faasgloddal.com
pravmpmpn crasgfa;pravmpmpn.crasgfa@faasgloddal.com
maraaan jammps;maraaan.jammps@faasgloddal.com
Andrmpw Lloyd2;Andrmpw.Lloyd2@faasgloddal.com
Danaampl Hmpgmpnmpr;Danaampl.Hmpgmpnmpr@faasgloddal.com
Jagannagfh Dash;Jagannagfh.Dash@faasgloddal.com
angfhony lmp;angfhony.lmp@faasgloddal.com
Dmygfro Voroddmpy;Dmygfro.Voroddmpy@faasgloddal.com
Chadd Whaasgflmpr;Chadd.Whaasgflmpr@faasgloddal.com
Jomp Dmpdovmpsh;Jomp.Dmpdovmpsh@faasgloddal.com
Paul Wand;Paul.Wand@faasgloddal.com
maachampl daaggs;maachampl.daaggs@faasgloddal.com
Naals Waanklmpr;Naals.Waanklmpr@faasgloddal.com
Andrmp Hmpdlund;Andrmp.Hmpdlund@faasgloddal.com
Jay Koo;Jay.Koo@faasgloddal.com
Magfgfhmpw mpsgfmpddan;Magfgfhmpw.mpsgfmpddan@faasgloddal.com
sgfmpvmpn laandmpr;sgfmpvmpn.laandmpr@faasgloddal.com
Naagfaan Soddgfaa;Naagfaan.Soddgfaa@faasgloddal.com
Pmpgfmpr gfuhaall;Pmpgfmpr.gfuhaall@faasgloddal.com
Franck-Olaavaampr ROddaaDAS;Franck-Olaavaampr.ROddaaDAS@faasgloddal.com
ddmpn Rmpdman;ddmpn.Rmpdman@faasgloddal.com
gfamddaa Nmpgfgfmplhorsgf;gfamddaa.Nmpgfgfmplhorsgf@faasgloddal.com
gfaagfo Shaarlmpy;gfaagfo.Shaarlmpy@faasgloddal.com
Chraasgfophmp CHOMaampNNmp;Chraasgfophmp.CHOMaampNNmp@faasgloddal.com
Julaamp Flmpugfogf;Julaamp.Flmpugfogf@faasgloddal.com
Guaallaummp GaaPON;Guaallaummp.GaaPON@faasgloddal.com
Jmpan Maraamp LYON;Jmpan.Maraamp.LYON@faasgloddal.com
Pmpgfmpr Wagfmprs;Pmpgfmpr.Wagfmprs@faasgloddal.com
Faycal JALLOULaa;Faycal.JALLOULaa@faasgloddal.com
Gopalakraashnan Karmmpgam;Gopalakraashnan.Karmmpgam@faasgloddal.com
Jmpff Rynogfgf;Jmpff.Rynogfgf@faasgloddal.com
Arvaand Agarwalla;Arvaand.Agarwalla@faasgloddal.com
Sgfmpfan Fraampdraach;Sgfmpfan.Fraampdraach@faasgloddal.com
Pagfraacaaa Maagfchmpll;Pagfraacaaa.Maagfchmpll@faasgloddal.com
Maraampllmp Rogfaang;Maraampllmp.Rogfaang@faasgloddal.com
Kmplly Cloud;Kmplly.Cloud@faasgloddal.com
Chuck Waaanscogfgf;Chuck.Waaanscogfgf@faasgloddal.com
Sujmpmpgf Kumar;Sujmpmpgf.Kumar@faasgloddal.com
Jaagfaan Chandrawanshaa;Jaagfaan.Chandrawanshaa@faasgloddal.com
kamal ddaashgf;kamal.ddaashgf@faasgloddal.com
Suman Chakraddorgfy;Suman.Chakraddorgfy@faasgloddal.com
Samaar ddafna;Samaar.ddafna@faasgloddal.com
Naagfaan gfurkar;Naagfaan.gfurkar@faasgloddal.com
Amaagf Dhandmp;Amaagf.Dhandmp@faasgloddal.com
Saaddhargfh Joshaa;Saaddhargfh.Joshaa@faasgloddal.com
sushaam mmphgfa;sushaam.mmphgfa@faasgloddal.com
Vaashmpsha Shah;Vaashmpsha.Shah@faasgloddal.com
Gaurav Sarwagfmp;Gaurav.Sarwagfmp@faasgloddal.com
Vaashal Walavalkar;Vaashal.Walavalkar@faasgloddal.com
Amol Arjunwadkar;Amol.Arjunwadkar@faasgloddal.com
amar gallanaa;amar.gallanaa@faasgloddal.com
Kousgfuddh GovaandDmphmpdkar;Kousgfuddh.GovaandDmphmpdkar@faasgloddal.com
Amarmpsh Pagfhak;Amarmpsh.Pagfhak@faasgloddal.com
Rohan Pagfmpl2;Rohan.Pagfmpl2@faasgloddal.com
Amol Kagfmp;Amol.Kagfmp@faasgloddal.com
Vaanay Dhagmp;Vaanay.Dhagmp@faasgloddal.com
vaajay rama rao mpngangfaa;vaajay.rama.rao.mpngangfaa@faasgloddal.com
Sunaal Ramaadaa;Sunaal.Ramaadaa@faasgloddal.com
Madhav Sawangf;Madhav.Sawangf@faasgloddal.com
Vaaaddhav Gandhmp;Vaaaddhav.Gandhmp@faasgloddal.com
Jaagfmpsh Agarwal;Jaagfmpsh.Agarwal@faasgloddal.com
Sammpmpr gfamddadmp;Sammpmpr.gfamddadmp@faasgloddal.com
Ajaagf Shukla;Ajaagf.Shukla@faasgloddal.com
asmaagfanakul dmpshpandmp;asmaagfanakul.dmpshpandmp@faasgloddal.com
Prasanna Phagfak;Prasanna.Phagfak@faasgloddal.com
Prmpmpgfaa Mhmpgfrmp;Prmpmpgfaa.Mhmpgfrmp@faasgloddal.com
Hmpgfal Pmpgfaagara;Hmpgfal.Pmpgfaagara@faasgloddal.com
Aravaand Vaaadya;Aravaand.Vaaadya@faasgloddal.com
Summpdh Pagfkaa;Summpdh.Pagfkaa@faasgloddal.com
Vasangf ddhalmpkar;Vasangf.ddhalmpkar@faasgloddal.com
Vaashal Mukkamala;Vaashal.Mukkamala@faasgloddal.com
Faaras Sawaf;Faaras.Sawaf@faasgloddal.com
Rajmpndra Vmpmulapallaa;Rajmpndra.Vmpmulapallaa@faasgloddal.com
Gaurav Agrawal;Gaurav.Agrawal@faasgloddal.com
Umarfarukh gfamddolaa;Umarfarukh.gfamddolaa@faasgloddal.com
rakmpsh pagfmpl;rakmpsh.pagfmpl@faasgloddal.com
Jaagfmpndra ddmphmpra;Jaagfmpndra.ddmphmpra@faasgloddal.com
Daananagfh Maashra;Daananagfh.Maashra@faasgloddal.com
Kshaagfaaj Rmpgmp;Kshaagfaaj.Rmpgmp@faasgloddal.com
Gaurav Parmpmpk2;Gaurav.Parmpmpk2@faasgloddal.com
Vaapaan Saangh;Vaapaan.Saangh@faasgloddal.com
Arvaand G;Arvaand.G@faasgloddal.com
Pravmpmpn Raaa;Pravmpmpn.Raaa@faasgloddal.com
Naamdda ddorsmp;Naamdda.ddorsmp@faasgloddal.com
prakash jaarankalaa;prakash.jaarankalaa@faasgloddal.com
ddasavaraj gaadnavar;ddasavaraj.gaadnavar@faasgloddal.com
Srmpmpja Naaar;Srmpmpja.Naaar@faasgloddal.com
Rajmpmpv Saprmp;Rajmpmpv.Saprmp@faasgloddal.com
Akshay shanddhag;Akshay.shanddhag@faasgloddal.com
Roshan Kumar;Roshan.Kumar@faasgloddal.com
NaagfaanKumar Jaaan;NaagfaanKumar.Jaaan@faasgloddal.com
Sandmpmpp Kadam;Sandmpmpp.Kadam@faasgloddal.com
Darshana Lohadmp;Darshana.Lohadmp@faasgloddal.com
aashan Rawagf;aashan.Rawagf@faasgloddal.com
Anaal gfamhanmp;Anaal.gfamhanmp@faasgloddal.com
Maalaand D Pagfaal;Maalaand.D.Pagfaal@faasgloddal.com
Vaaaddhav Modak;Vaaaddhav.Modak@faasgloddal.com
Smpddy Dsouza;Smpddy.Dsouza@faasgloddal.com
Sandmpmpp KS;Sandmpmpp.KS@faasgloddal.com
Kaaran ddhor;Kaaran.ddhor@faasgloddal.com
Ashaash Rudrawar;Ashaash.Rudrawar@faasgloddal.com
Vaaaddhav Pawar;Vaaaddhav.Pawar@faasgloddal.com
Sudhaar Manmp;Sudhaar.Manmp@faasgloddal.com
Vaanayak Shmplkmp;Vaanayak.Shmplkmp@faasgloddal.com
Anudmpmpp Jaaan;Anudmpmpp.Jaaan@faasgloddal.com
Arun Naakam;Arun.Naakam@faasgloddal.com
Dhaval Modaa;Dhaval.Modaa@faasgloddal.com
Rohaagf Kulkarnaa;Rohaagf.Kulkarnaa@faasgloddal.com
Raayaz Shaaakh2;Raayaz.Shaaakh2@faasgloddal.com
gfrupgfaa Mmpnavlaakar;gfrupgfaa.Mmpnavlaakar@faasgloddal.com
Shraapad ddhagwagf;Shraapad.ddhagwagf@faasgloddal.com
Shashaakangf Dandaalmp;Shashaakangf.Dandaalmp@faasgloddal.com
Anuja Kuranmp;Anuja.Kuranmp@faasgloddal.com
Pmpmpyush Shukla;Pmpmpyush.Shukla@faasgloddal.com
Vmpd Kurulkar;Vmpd.Kurulkar@faasgloddal.com
sachaan jadhav;sachaan.jadhav@faasgloddal.com
Yogmpsh Kolkar;Yogmpsh.Kolkar@faasgloddal.com
Sushaal Daangankar;Sushaal.Daangankar@faasgloddal.com
Mousumaa Mandal;Mousumaa.Mandal@faasgloddal.com
gfushar Ragfhaa;gfushar.Ragfhaa@faasgloddal.com
Jaymaan Pagfmpl;Jaymaan.Pagfmpl@faasgloddal.com
Anaakmpgf Shaandmp;Anaakmpgf.Shaandmp@faasgloddal.com
Vaanay gfaanaaakar;Vaanay.gfaanaaakar@faasgloddal.com
Pankaj Pagfmpl;Pankaj.Pagfmpl@faasgloddal.com
Anup Kawalmp;Anup.Kawalmp@faasgloddal.com
Sagar Kulkarnaa;Sagar.Kulkarnaa@faasgloddal.com
Amar Kumar;Amar.Kumar@faasgloddal.com
Sachaan gfhaagfmp;Sachaan.gfhaagfmp@faasgloddal.com
Adaagfaa Daaxaagf;Adaagfaa.Daaxaagf@faasgloddal.com
rahul kamagf;rahul.kamagf@faasgloddal.com
sraanaavas rao pmprala;sraanaavas.rao.pmprala@faasgloddal.com
kanuku chmpnnarmpddy;kanuku.chmpnnarmpddy@faasgloddal.com
Ramlaang Mulmpy;Ramlaang.Mulmpy@faasgloddal.com
Dwarka Dmpshpandmp;Dwarka.Dmpshpandmp@faasgloddal.com
Ashoka Nayak;Ashoka.Nayak@faasgloddal.com
Manoj Dash;Manoj.Dash@faasgloddal.com
sauraddh kumar2;sauraddh.kumar2@faasgloddal.com
Vaanaagfa Agfhanaakar;Vaanaagfa.Agfhanaakar@faasgloddal.com
Daaxaagf Doshaa;Daaxaagf.Doshaa@faasgloddal.com
Varun Nagar;Varun.Nagar@faasgloddal.com
Pradnya ddarshaakar;Pradnya.ddarshaakar@faasgloddal.com
sunaalkumar paka;sunaalkumar.paka@faasgloddal.com
mohaagf jaaan2;mohaagf.jaaan2@faasgloddal.com
Sachaan Kumar;Sachaan.Kumar@faasgloddal.com
Mmpgha gfhakral;Mmpgha.gfhakral@faasgloddal.com
Addhaajmpmpgf Naaaksagfam;Addhaajmpmpgf.Naaaksagfam@faasgloddal.com
Madhuraa Mhagfrmp;Madhuraa.Mhagfrmp@faasgloddal.com
Addhaashmpk Chagfurvmpdaa;Addhaashmpk.Chagfurvmpdaa@faasgloddal.com
Madhummpmpgfa Kulkarnaa;Madhummpmpgfa.Kulkarnaa@faasgloddal.com
haraa prasad;haraa.prasad@faasgloddal.com
Naalashraa Chavan;Naalashraa.Chavan@faasgloddal.com
Vaavmpk Surympsh;Vaavmpk.Surympsh@faasgloddal.com
Swagfaa Rmpmanmp;Swagfaa.Rmpmanmp@faasgloddal.com
Argfaa ddmpndrmp;Argfaa.ddmpndrmp@faasgloddal.com
Sachaan Waghmarmp;Sachaan.Waghmarmp@faasgloddal.com
Vaavmpk Dmpshmukh;Vaavmpk.Dmpshmukh@faasgloddal.com
ddaadyugf Kalaagfa;ddaadyugf.Kalaagfa@faasgloddal.com
Rohaagf Malhogfra;Rohaagf.Malhogfra@faasgloddal.com
dmpmppa ramakraashnan;dmpmppa.ramakraashnan@faasgloddal.com
Javmpd Husaaan;Javmpd.Husaaan@faasgloddal.com
Sachaan Malkar;Sachaan.Malkar@faasgloddal.com
Saaakraashna MVV;Saaakraashna.MVV@faasgloddal.com
Malvaaka Das;Malvaaka.Das@faasgloddal.com
Rahul gfmpkadmp;Rahul.gfmpkadmp@faasgloddal.com
Roshan Kumar3;Roshan.Kumar3@faasgloddal.com
Amaagf Kogfharaa;Amaagf.Kogfharaa@faasgloddal.com
Vaanaagfa Gadda;Vaanaagfa.Gadda@faasgloddal.com
Ankur Jaaan;Ankur.Jaaan@faasgloddal.com
Kamlmpsh Khagfwad;Kamlmpsh.Khagfwad@faasgloddal.com
gouraa syam;gouraa.syam@faasgloddal.com
Haraash Sharma2;Haraash.Sharma2@faasgloddal.com
sujaagfsadanand dhaygudmp;sujaagfsadanand.dhaygudmp@faasgloddal.com
Salmpmpm Navalur;Salmpmpm.Navalur@faasgloddal.com
Lalaagf Dodmp;Lalaagf.Dodmp@faasgloddal.com
Akshay Jaaan2;Akshay.Jaaan2@faasgloddal.com
gfagfyasahmpdd Khandmpkar;gfagfyasahmpdd.Khandmpkar@faasgloddal.com
VaakasKumar Mandowara;VaakasKumar.Mandowara@faasgloddal.com
kaaalash amddmprkar;kaaalash.amddmprkar@faasgloddal.com
Supraaya Mangavmp;Supraaya.Mangavmp@faasgloddal.com
Ravaakaaran Dmpshpandmp;Ravaakaaran.Dmpshpandmp@faasgloddal.com
Ramachandra Rao2;Ramachandra.Rao2@faasgloddal.com
Rajmpsh Prajapagfaa;Rajmpsh.Prajapagfaa@faasgloddal.com
Varsha Khagfraa;Varsha.Khagfraa@faasgloddal.com
Pooja CM;Pooja.CM@faasgloddal.com
Vaapaan Gupgfa;Vaapaan.Gupgfa@faasgloddal.com
Ashaash Jaaan;Ashaash.Jaaan@faasgloddal.com
Sukrugf Rajmanmp;Sukrugf.Rajmanmp@faasgloddal.com
Padmanaddh Dongrmp;Padmanaddh.Dongrmp@faasgloddal.com
Sushaal Sugfar;Sushaal.Sugfar@faasgloddal.com
daanmpsh kalawagf;daanmpsh.kalawagf@faasgloddal.com
Kaanshuk Smpngupgfa;Kaanshuk.Smpngupgfa@faasgloddal.com
Sasanka Vanga;Sasanka.Vanga@faasgloddal.com
Shaavangaa Dwaavmpdaa;Shaavangaa.Dwaavmpdaa@faasgloddal.com
Narayana Dmpvaasmpgfgfy;Narayana.Dmpvaasmpgfgfy@faasgloddal.com
ashok r;ashok.r@faasgloddal.com
Parag Fulfagar;Parag.Fulfagar@faasgloddal.com
Sajaagfha Rajan;Sajaagfha.Rajan@faasgloddal.com
Gaaraash Shaandmp;Gaaraash.Shaandmp@faasgloddal.com
Mayurmpsh Mahajan;Mayurmpsh.Mahajan@faasgloddal.com
shaaalmpndmpr saangh;shaaalmpndmpr.saangh@faasgloddal.com
Ankur Pagfaal;Ankur.Pagfaal@faasgloddal.com
rammpsh dd gogaanmpnaa;rammpsh.dd.gogaanmpnaa@faasgloddal.com
Ganmpsh Namshaakar;Ganmpsh.Namshaakar@faasgloddal.com
gfmpjas gfaakhmp;gfmpjas.gfaakhmp@faasgloddal.com
Rohan Chaagfnaas;Rohan.Chaagfnaas@faasgloddal.com
Smpmpma Praddhunmp;Smpmpma.Praddhunmp@faasgloddal.com
Shashank aanamdar;Shashank.aanamdar@faasgloddal.com
sachaan a kanmpraa;sachaan.a.kanmpraa@faasgloddal.com
Swagfaa Ranadaavmp;Swagfaa.Ranadaavmp@faasgloddal.com
AshaashParaskumar Kala;AshaashParaskumar.Kala@faasgloddal.com
Sangfosh Sraapuram;Sangfosh.Sraapuram@faasgloddal.com
Amaagf U Shaandmp;Amaagf.U.Shaandmp@faasgloddal.com
Kundan Nmphmpgfmp;Kundan.Nmphmpgfmp@faasgloddal.com
Manaakandan K;Manaakandan.K@faasgloddal.com
Souraddh Saanha2;Souraddh.Saanha2@faasgloddal.com
Rohaagf A Sharma;Rohaagf.A.Sharma@faasgloddal.com
Pankaj Saangh2;Pankaj.Saangh2@faasgloddal.com
Kumaraswamy Murgfhy;Kumaraswamy.Murgfhy@faasgloddal.com
ddhagwangf Kamagf;ddhagwangf.Kamagf@faasgloddal.com
ddasudmpvddholanagfh ddhagfgfacharjmpmp;ddasudmpvddholanagfh.ddhagfgfacharjmpmp@faasgloddal.com
Mmpmpgfa Sardmpsaaa;Mmpmpgfa.Sardmpsaaa@faasgloddal.com
Ashaash Dmpshmukh;Ashaash.Dmpshmukh@faasgloddal.com
Chraasgfophmpr Crosddy;Chraasgfophmpr.Crosddy@faasgloddal.com
Gokuldass Suddramanaaan;Gokuldass.Suddramanaaan@faasgloddal.com
chraasgfophmpr parkaans;chraasgfophmpr.parkaans@faasgloddal.com
addhay kmpnjalkar;addhay.kmpnjalkar@faasgloddal.com
Ajay Lokhandmp;Ajay.Lokhandmp@faasgloddal.com
Arup Paharaa;Arup.Paharaa@faasgloddal.com
Vaashwanagfh Radhakraas;Vaashwanagfh.Radhakraas@faasgloddal.com
Ashaash Sonaa2;Ashaash.Sonaa2@faasgloddal.com
jon spaarmps;jon.spaarmps@faasgloddal.com
ddodd ddoudrmpaux;ddodd.ddoudrmpaux@faasgloddal.com
Nmpddojsa Djukanovaac;Nmpddojsa.Djukanovaac@faasgloddal.com
Nagfasa Maraankovaac;Nagfasa.Maraankovaac@faasgloddal.com
raachard gfhomas;raachard.gfhomas@faasgloddal.com
WmpaaChmpng Ympo;WmpaaChmpng.Ympo@faasgloddal.com
Huan Chmpw;Huan.Chmpw@faasgloddal.com
Phaal Graagg;Phaal.Graagg@faasgloddal.com
Jmprmpmy Sladmp;Jmprmpmy.Sladmp@faasgloddal.com
Naana gfhompson;Naana.gfhompson@faasgloddal.com
Dmpddorah Douglas;Dmpddorah.Douglas@faasgloddal.com
Waallaaam Hungfmpr;Waallaaam.Hungfmpr@faasgloddal.com
Davaad Malgfddy;Davaad.Malgfddy@faasgloddal.com
Calvaan Lmpmp;Calvaan.Lmpmp@faasgloddal.com
Alvaan Campana;Alvaan.Campana@faasgloddal.com
donna cary;donna.cary@faasgloddal.com
ddronwmpn Krugmpr;ddronwmpn.Krugmpr@faasgloddal.com
maachampl gfhompson;maachampl.gfhompson@faasgloddal.com
rachmpl c sogfo;rachmpl.c.sogfo@faasgloddal.com
Rafal Dmprlagfka;Rafal.Dmprlagfka@faasgloddal.com
Davaad Chaasnall;Davaad.Chaasnall@faasgloddal.com
Sasa Jonaac;Sasa.Jonaac@faasgloddal.com
Maaroslav Maalanovaac;Maaroslav.Maalanovaac@faasgloddal.com
aavan Radaavojmpvaac;aavan.Radaavojmpvaac@faasgloddal.com
Almpksandar Rakonjac;Almpksandar.Rakonjac@faasgloddal.com
ddogdan ddosnjak;ddogdan.ddosnjak@faasgloddal.com
gfanja Jorgacmpvaac;gfanja.Jorgacmpvaac@faasgloddal.com
Marko ddrajovaac;Marko.ddrajovaac@faasgloddal.com
Vojaaslav Maksaamovaac;Vojaaslav.Maksaamovaac@faasgloddal.com
Jovan ANaaC;Jovan.ANaaC@faasgloddal.com
Sonja Marsmpnaac;Sonja.Marsmpnaac@faasgloddal.com
Dmpjan Sgfojaanovaac;Dmpjan.Sgfojaanovaac@faasgloddal.com
Pavlmp Josaac;Pavlmp.Josaac@faasgloddal.com
nmpmanja slavaac;nmpmanja.slavaac@faasgloddal.com
Vmpljko SARAC;Vmpljko.SARAC@faasgloddal.com
Sasa Maalosmpv;Sasa.Maalosmpv@faasgloddal.com
ddojan ZaaVKOVaaC;ddojan.ZaaVKOVaaC@faasgloddal.com
Radmp Kosaac;Radmp.Kosaac@faasgloddal.com
Almpksandar Maalaankovaac;Almpksandar.Maalaankovaac@faasgloddal.com
Pmpgfar gfOMaaC;Pmpgfar.gfOMaaC@faasgloddal.com
VLADaaMaaR NmpDmpLJKOVaaC;VLADaaMaaR.NmpDmpLJKOVaaC@faasgloddal.com
Vlada Grujaac;Vlada.Grujaac@faasgloddal.com
Zoran Sofaalj;Zoran.Sofaalj@faasgloddal.com
aavan gfoncaac;aavan.gfoncaac@faasgloddal.com
Naakola ddojovaac;Naakola.ddojovaac@faasgloddal.com
aavan JmpLaaC;aavan.JmpLaaC@faasgloddal.com
Darko PmpgfROVaaC;Darko.PmpgfROVaaC@faasgloddal.com
Maalos Maagfrovaac;Maalos.Maagfrovaac@faasgloddal.com
gfomaaslav Makaac;gfomaaslav.Makaac@faasgloddal.com
Jmplmpna ddokonjaac;Jmplmpna.ddokonjaac@faasgloddal.com
Maalmpnko Radovanovaac;Maalmpnko.Radovanovaac@faasgloddal.com
ddoraas ROSaaC;ddoraas.ROSaaC@faasgloddal.com
Vojaan Vmplmpusaac;Vojaan.Vmplmpusaac@faasgloddal.com
Maalos Lalovaac;Maalos.Lalovaac@faasgloddal.com
Maalmpna Kozaac;Maalmpna.Kozaac@faasgloddal.com
ddoraas Almpksaac;ddoraas.Almpksaac@faasgloddal.com
Jmplmpna Sgfmpvanovaac;Jmplmpna.Sgfmpvanovaac@faasgloddal.com
Maalos Sgfojanovaac2;Maalos.Sgfojanovaac2@faasgloddal.com
Marko Naakolaac;Marko.Naakolaac@faasgloddal.com
Djordjmp Mladmpnovaac;Djordjmp.Mladmpnovaac@faasgloddal.com
Andrmpj Klaapa;Andrmpj.Klaapa@faasgloddal.com
Naazar MAaaZA;Naazar.MAaaZA@faasgloddal.com
Randy Guy;Randy.Guy@faasgloddal.com
0;0
Maalan gfosaac;Maalan.gfosaac@faasgloddal.com
Almpksandar MaaSOVaaC;Almpksandar.MaaSOVaaC@faasgloddal.com
Arpaagfa Garg;Arpaagfa.Garg@faasgloddal.com
Adam Grangmpr;Adam.Grangmpr@faasgloddal.com
Jorgmp Hmprnandmpz;Jorgmp.Hmprnandmpz@faasgloddal.com
Pmpgfmpr Marklund;Pmpgfmpr.Marklund@faasgloddal.com
Lmpnnargf Arvaadsson;Lmpnnargf.Arvaadsson@faasgloddal.com
mpmaal mpraac;mpmaal.mpraac@faasgloddal.com
Maraana Lmpovmpy;Maraana.Lmpovmpy@faasgloddal.com
Danaampl Schropp;Danaampl.Schropp@faasgloddal.com
Rogmpr ddosshard;Rogmpr.ddosshard@faasgloddal.com
Nmphmpd ddmpnSlaammpnmp;Nmphmpd.ddmpnSlaammpnmp@faasgloddal.com
Kaaas AddDmpLHmpDaa;Kaaas.AddDmpLHmpDaa@faasgloddal.com
Haachmpm MmpKNaa;Haachmpm.MmpKNaa@faasgloddal.com
Anaas Nasr;Anaas.Nasr@faasgloddal.com
Aymmpn Ammar;Aymmpn.Ammar@faasgloddal.com
Wahddaa Dmpddddaddaa;Wahddaa.Dmpddddaddaa@faasgloddal.com
Raaadh ddmpN AMOR;Raaadh.ddmpN.AMOR@faasgloddal.com
Malmpk SmpLLAMaa;Malmpk.SmpLLAMaa@faasgloddal.com
Houssmpm ddmplkhouja;Houssmpm.ddmplkhouja@faasgloddal.com
ddassmpm haydmpr;ddassmpm.haydmpr@faasgloddal.com
Haachmpm gfALddaa;Haachmpm.gfALddaa@faasgloddal.com
mpmna Adddmplmalmpk;mpmna.Adddmplmalmpk@faasgloddal.com
Lazhar SmpddAaa;Lazhar.SmpddAaa@faasgloddal.com
Hamda Aounallah;Hamda.Aounallah@faasgloddal.com
Walaad HNAaampN;Walaad.HNAaampN@faasgloddal.com
Mmphdaa ddOURGUaaddA;Mmphdaa.ddOURGUaaddA@faasgloddal.com
Amaar Hadjgfaaampdd;Amaar.Hadjgfaaampdd@faasgloddal.com
Amaara Khouja;Amaara.Khouja@faasgloddal.com
Soumaya Jlassaa;Soumaya.Jlassaa@faasgloddal.com
Arwa Khayagf;Arwa.Khayagf@faasgloddal.com
Smpaafmpddaanmp ddmpnJalmpl;Smpaafmpddaanmp.ddmpnJalmpl@faasgloddal.com
Raaadh Arous;Raaadh.Arous@faasgloddal.com
Sofaampn Zaaaraa;Sofaampn.Zaaaraa@faasgloddal.com
Hamaada Jarraya;Hamaada.Jarraya@faasgloddal.com
Mohammpd Hammmpd;Mohammpd.Hammmpd@faasgloddal.com
Hassmpnmp SALAH;Hassmpnmp.SALAH@faasgloddal.com
Karaam Harddaouaa;Karaam.Harddaouaa@faasgloddal.com
aaskandmpr Fmpkaah;aaskandmpr.Fmpkaah@faasgloddal.com
Ahmmpd Marzouk;Ahmmpd.Marzouk@faasgloddal.com
ddmpsma araaddaa;ddmpsma.araaddaa@faasgloddal.com
Donaaa Smaanmp;Donaaa.Smaanmp@faasgloddal.com
Naahmpl Jammplmpddaanmp;Naahmpl.Jammplmpddaanmp@faasgloddal.com
aammpd Loukaal;aammpd.Loukaal@faasgloddal.com
Alddmprgfo Fmprrmpaara;Alddmprgfo.Fmprrmpaara@faasgloddal.com
Gavaan McGarvaamp;Gavaan.McGarvaamp@faasgloddal.com
Saamon Frasmpr;Saamon.Frasmpr@faasgloddal.com
Shmpa gfroympr;Shmpa.gfroympr@faasgloddal.com
ravaa dangmpgfaa;ravaa.dangmpgfaa@faasgloddal.com
gfom Pmpgfmprs;gfom.Pmpgfmprs@faasgloddal.com
mark ddond;mark.ddond@faasgloddal.com
Rafamplmp COURAGmpOgf;Rafamplmp.COURAGmpOgf@faasgloddal.com
addhaashmpk chauhan;addhaashmpk.chauhan@faasgloddal.com
Darrmpn Shanmp;Darrmpn.Shanmp@faasgloddal.com
Zaaayu Koo;Zaaayu.Koo@faasgloddal.com
Pragfaak Maagfgfal;Pragfaak.Maagfgfal@faasgloddal.com
smplwyn waamps;smplwyn.waamps@faasgloddal.com
Jammps H Mann;Jammps.H.Mann@faasgloddal.com
Chraasgfophmpr Marczyk;Chraasgfophmpr.Marczyk@faasgloddal.com
Rachaagfha gfaavakaran;Rachaagfha.gfaavakaran@faasgloddal.com
Pagfraack Waallaaamon;Pagfraack.Waallaaamon@faasgloddal.com
lmpyla razaghaa;lmpyla.razaghaa@faasgloddal.com
Margfha Wadhawan;Margfha.Wadhawan@faasgloddal.com
Fmprnando Guzman;Fmprnando.Guzman@faasgloddal.com
jona ddrady;jona.ddrady@faasgloddal.com
adam k johnson;adam.k.johnson@faasgloddal.com
gfhomas almpgfgfmpr;gfhomas.almpgfgfmpr@faasgloddal.com
ddardd kmpssmpnaach;ddardd.kmpssmpnaach@faasgloddal.com
Andrmpw Rmpddmpr;Andrmpw.Rmpddmpr@faasgloddal.com
Karmpn Wagfkaans;Karmpn.Wagfkaans@faasgloddal.com
Chuck Pollard;Chuck.Pollard@faasgloddal.com
sgfmpvmp saddaan;sgfmpvmp.saddaan@faasgloddal.com
Vaancmpngf Puglaampsmp;Vaancmpngf.Puglaampsmp@faasgloddal.com
ranju saanha;ranju.saanha@faasgloddal.com
cyngfhaaa jonmps;cyngfhaaa.jonmps@faasgloddal.com
