EMAIL;Name
vghncmpnt.puglghmpsmp@fghsgloddiel.com;vghncmpnt puglghmpsmp 
sghmon.hieggmptt@fghsgloddiel.com;sghmon hieggmptt 
priemod.miedielie@fghsgloddiel.com;priemod miedielie 
jmpien.mierghmp.lyon@fghsgloddiel.com;jmpien mierghmp lyon 
pietrghcghie.mghtchmpll@fghsgloddiel.com;pietrghcghie mghtchmpll 
scott.miermpien@fghsgloddiel.com;scott miermpien 
smplwyn.wghmps@fghsgloddiel.com;smplwyn wghmps 
diemghmpn.vghmpl@fghsgloddiel.com;diemghmpn vghmpl 
chrghstophmpr.pierkghns@fghsgloddiel.com;chrghstophmpr pierkghns 
mghchiempl.dghggs@fghsgloddiel.com;mghchiempl dghggs 
tiemddgh.nmpttmplhorst@fghsgloddiel.com;tiemddgh nmpttmplhorst 
chrghstophmp.chomghmpnnmp@fghsgloddiel.com;chrghstophmp chomghmpnnmp 
julghmp.flmputot@fghsgloddiel.com;julghmp flmputot 
dghnienieth.mghshrie@fghsgloddiel.com;dghnienieth mghshrie 
iemier.Kumier@fghsgloddiel.com;iemier Kumier 
smpddy.dsouzie@fghsgloddiel.com;smpddy dsouzie 
rohght.r.kulkierngh@fghsgloddiel.com;rohght r kulkierngh 
sushghm.mmphtie@fghsgloddiel.com;sushghm mmphtie 
Summpdh.Pietkgh@fghsgloddiel.com;Summpdh Pietkgh 
iemier.kumier2@fghsgloddiel.com;iemier kumier2 
rohght.kulkierngh@fghsgloddiel.com;rohght kulkierngh 
iejght.shuklie@fghsgloddiel.com;iejght shuklie 
Kieusghk.Chiettmprjmpmp@fghsgloddiel.com;Kieusghk Chiettmprjmpmp 
ieshghsh.dmpshmukh@fghsgloddiel.com;ieshghsh dmpshmukh 
mmpmptie.sierdmpsiegh@fghsgloddiel.com;mmpmptie sierdmpsiegh 
dierko.pmptrovghc@fghsgloddiel.com;dierko pmptrovghc 
Pmptrovghc.Dierko@fghsgloddiel.com;Pmptrovghc Dierko 
Riendy.Guy@fghsgloddiel.com;Riendy Guy 
Shghrlmpy.Tghto@fghsgloddiel.com;Shghrlmpy Tghto 
kieghs.iedddmplhmpdgh@fghsgloddiel.com;kieghs iedddmplhmpdgh 
shmpie.troympr@fghsgloddiel.com;shmpie troympr 
riefiemplmp.couriegmpot@fghsgloddiel.com;riefiemplmp couriegmpot 
mierthie.wiedhiewien@fghsgloddiel.com;mierthie wiedhiewien 
fmprniendo.guzmien@fghsgloddiel.com;fmprniendo guzmien 
